{
    "name": "root",
    "gauges": {
        "Player.Policy.Entropy.mean": {
            "value": 0.022729219868779182,
            "min": 0.021445035934448242,
            "max": 0.692777693271637,
            "count": 30
        },
        "Player.Policy.ExtrinsicValueEstimate.mean": {
            "value": 0.02284957282245159,
            "min": -0.47967007756233215,
            "max": 0.27366071939468384,
            "count": 30
        },
        "Player.Policy.CuriosityValueEstimate.mean": {
            "value": 0.00791624840348959,
            "min": 0.00791624840348959,
            "max": 0.01677647978067398,
            "count": 30
        },
        "Player.Environment.EpisodeLength.mean": {
            "value": 13032.0,
            "min": 102.0,
            "max": 13032.0,
            "count": 19
        },
        "Player.Environment.CumulativeReward.mean": {
            "value": 4.499999634921551,
            "min": -9.100000470876694,
            "max": 4.499999634921551,
            "count": 19
        },
        "Player.Policy.ExtrinsicReward.mean": {
            "value": 4.499999634921551,
            "min": -9.100000470876694,
            "max": 4.499999634921551,
            "count": 19
        },
        "Player.Policy.CuriosityReward.mean": {
            "value": 0.575512329058256,
            "min": 0.0002443519382116695,
            "max": 0.6085271863266826,
            "count": 19
        },
        "Player.Losses.ValueLoss.mean": {
            "value": 0.0032050050795078278,
            "min": 0.0011200240114703774,
            "max": 0.0792432501912117,
            "count": 30
        },
        "Player.Losses.PolicyLoss.mean": {
            "value": 0.13900980353355408,
            "min": 0.12182288616895676,
            "max": 0.14273881912231445,
            "count": 30
        },
        "Player.Policy.LearningRate.mean": {
            "value": 0.00029999998514540493,
            "min": 0.00029999998514540493,
            "max": 0.0003000000142492354,
            "count": 30
        },
        "Player.Policy.Epsilon.mean": {
            "value": 0.20000004768371582,
            "min": 0.20000003278255463,
            "max": 0.20000004768371582,
            "count": 30
        },
        "Player.Policy.Beta.mean": {
            "value": 0.004999999888241291,
            "min": 0.004999999422580004,
            "max": 0.004999999888241291,
            "count": 30
        },
        "Player.Losses.CuriosityForwardLoss.mean": {
            "value": 0.003041973803192377,
            "min": 0.00295240362174809,
            "max": 0.032719772309064865,
            "count": 30
        },
        "Player.Losses.CuriosityInverseLoss.mean": {
            "value": 0.019806375727057457,
            "min": 0.019806375727057457,
            "max": 0.6943207383155823,
            "count": 30
        },
        "Player.IsTraining.mean": {
            "value": 1.0,
            "min": 1.0,
            "max": 1.0,
            "count": 30
        }
    },
    "metadata": {
        "timer_format_version": "0.1.0",
        "start_time_seconds": "1606484356",
        "python_version": "3.7.5 (tags/v3.7.5:5c02a39a0b, Oct 15 2019, 00:11:34) [MSC v.1916 64 bit (AMD64)]",
        "command_line_arguments": "C:\\Users\\herte\\AppData\\Local\\Programs\\Python\\Python37\\Scripts\\mlagents-learn Player-01.yml --run-id Player-05",
        "mlagents_version": "0.21.1",
        "mlagents_envs_version": "0.21.1",
        "communication_protocol_version": "1.2.0",
        "tensorflow_version": "2.0.0",
        "numpy_version": "1.19.4",
        "end_time_seconds": "1606485739"
    },
    "total": 1382.6824952000002,
    "count": 1,
    "self": 0.012560400000211303,
    "children": {
        "run_training.setup": {
            "total": 0.007497899999999946,
            "count": 1,
            "self": 0.007497899999999946
        },
        "TrainerController.start_learning": {
            "total": 1382.6624368999999,
            "count": 1,
            "self": 7.101675699957241,
            "children": {
                "TrainerController._reset_env": {
                    "total": 6.5688916,
                    "count": 1,
                    "self": 6.5688916
                },
                "TrainerController.advance": {
                    "total": 1367.7285319000425,
                    "count": 264732,
                    "self": 3.247300500041547,
                    "children": {
                        "env_step": {
                            "total": 1364.481231400001,
                            "count": 264732,
                            "self": 1177.8005948999944,
                            "children": {
                                "SubprocessEnvManager._take_step": {
                                    "total": 183.46861680000518,
                                    "count": 264732,
                                    "self": 5.707832300033942,
                                    "children": {
                                        "TFPolicy.evaluate": {
                                            "total": 177.76078449997124,
                                            "count": 264647,
                                            "self": 177.76078449997124
                                        }
                                    }
                                },
                                "workers": {
                                    "total": 3.2120197000012958,
                                    "count": 264731,
                                    "self": 0.0,
                                    "children": {
                                        "worker_root": {
                                            "total": 1369.2885779000321,
                                            "count": 264731,
                                            "is_parallel": true,
                                            "self": 427.4742438000785,
                                            "children": {
                                                "steps_from_proto": {
                                                    "total": 0.00038300000000024426,
                                                    "count": 1,
                                                    "is_parallel": true,
                                                    "self": 0.00016700000000025028,
                                                    "children": {
                                                        "_process_vector_observation": {
                                                            "total": 0.00021599999999999397,
                                                            "count": 6,
                                                            "is_parallel": true,
                                                            "self": 0.00021599999999999397
                                                        }
                                                    }
                                                },
                                                "UnityEnvironment.step": {
                                                    "total": 941.8139510999536,
                                                    "count": 264731,
                                                    "is_parallel": true,
                                                    "self": 19.426319799933935,
                                                    "children": {
                                                        "UnityEnvironment._generate_step_input": {
                                                            "total": 12.380032999992974,
                                                            "count": 264731,
                                                            "is_parallel": true,
                                                            "self": 12.380032999992974
                                                        },